decision,label,kind,target,factor,overrides,overall_proxy,overall_delta,overall_weighted_error,august_proxy,august_weighted_error,august_bad_day_rate_max,max_month_delta,bad_day_rate_max,affected_validation_rows,affected_submission_dates,month_proxy_deltas,gate_failures,risk_failures
KEEP_CANDIDATE,redeem_weekday1_x1.06,weekday,redeem,1.06,{},5.854915508072054,0.028826561730448397,0.14372831783542037,6.250442938751625,0.12361952604525953,0.16129032258064516,-0.049163973595999444,0.2032520325203252,17,"20140902,20140909,20140916,20140923,20140930","{""2014-05"": 0.0740008307804203, ""2014-06"": 0.06487333679678642, ""2014-07"": -0.049163973595999444, ""2014-08"": 0.026758852136276268}",,
KEEP_CANDIDATE,redeem_day3_6_x1.04,day_range,redeem,1.04,{},5.847996524928668,0.021907578587062382,0.1439371393133167,6.2017733917263715,0.1255866285260495,0.16129032258064516,-0.021910694888977567,0.2032520325203252,16,"20140903,20140904,20140905,20140906","{""2014-05"": -0.002997193838718104, ""2014-06"": 0.06199545384204441, ""2014-07"": 0.05183590650019099, ""2014-08"": -0.021910694888977567}",,
KEEP_CANDIDATE,redeem_weekday1_x1.04,weekday,redeem,1.04,{},5.847301114260575,0.021212167918969627,0.14393737390632197,6.241195492858954,0.12343624920059558,0.16129032258064516,-0.030521272252721943,0.2032520325203252,17,"20140902,20140909,20140916,20140923,20140930","{""2014-05"": 0.05532050852839099, ""2014-06"": 0.04324889119785791, ""2014-07"": -0.030521272252721943, ""2014-08"": 0.01751140624360481}",,
KEEP_CANDIDATE,redeem_day3_6_x1.03,day_range,redeem,1.03,{},5.847141462610455,0.021052516268849963,0.1439479463810237,6.213472010476349,0.12476339074506838,0.16129032258064516,-0.010212076139000104,0.2032520325203252,16,"20140903,20140904,20140905,20140906","{""2014-05"": -0.0016745977559846636, ""2014-06"": 0.046496591120662956, ""2014-07"": 0.05042092445784352, ""2014-08"": -0.010212076139000104}",,
KEEP_CANDIDATE,redeem_day3_6_x1.06,day_range,redeem,1.06,{},5.845925113714445,0.019836167372839775,0.14402897125942113,6.17837615030036,0.12723310420579353,0.16129032258064516,-0.045307936314989306,0.2032520325203252,16,"20140903,20140904,20140905,20140906","{""2014-05"": -0.0056423844485440355, ""2014-06"": 0.09299318065658646, ""2014-07"": 0.039661713252621134, ""2014-08"": -0.045307936314989306}",,
KEEP_CANDIDATE,redeem_day3_x1.08,single_day,redeem,1.08,{},5.845789352903638,0.019700406562032313,0.14428601508409128,6.223684086615349,0.12500512802462532,0.12903225806451613,0.0,0.1951219512195122,4,20140903,"{""2014-05"": 0.0, ""2014-06"": 0.036462829750866455, ""2014-07"": 0.042879519825930856, ""2014-08"": 0.0}",,
KEEP_CANDIDATE,redeem_day3_x1.10,single_day,redeem,1.1,{},5.84571024917375,0.01962130283214414,0.14437203915276806,6.223684086615349,0.1254889862401449,0.12903225806451613,0.0,0.1951219512195122,4,20140903,"{""2014-05"": 0.0, ""2014-06"": 0.02506129569858917, ""2014-07"": 0.05359939927084234, ""2014-08"": 0.0}",,
KEEP_CANDIDATE,redeem_day14_x0.92,single_day,redeem,0.92,{},5.844019871673861,0.01793092533225593,0.1442266137289305,6.281874984084185,0.12132396851760717,0.12903225806451613,-0.038782011101278435,0.1951219512195122,4,20140914,"{""2014-05"": -0.038782011101278435, ""2014-06"": 0.0, ""2014-07"": 0.051736398015260754, ""2014-08"": 0.05819089746883588}",,
KEEP_CANDIDATE,purchase_day4_x0.90,single_day,purchase,0.9,{},5.8438366689838706,0.017747722642265096,0.1442234660601151,6.179773005890114,0.12438702786342934,0.12903225806451613,-0.043911080725234974,0.1951219512195122,4,20140904,"{""2014-05"": 0.0, ""2014-06"": 0.05957309690889723, ""2014-07"": 0.05667808000690755, ""2014-08"": -0.043911080725234974}",,
KEEP_CANDIDATE,redeem_day14_x0.90,single_day,redeem,0.9,{},5.843782859873935,0.017693913532329297,0.1442892535677669,6.296422707056189,0.12088753682844705,0.12903225806451613,-0.04847751294150715,0.1951219512195122,4,20140914,"{""2014-05"": -0.04847751294150715, ""2014-06"": 0.0, ""2014-07"": 0.04594377522571591, ""2014-08"": 0.07273862044084023}",,
KEEP_CANDIDATE,redeem_weekday1_x1.03,weekday,redeem,1.03,{},5.8434939181052945,0.017404971763689048,0.14404190192370778,6.236571772232462,0.12334461070866821,0.16129032258064516,-0.021199921513793463,0.2032520325203252,17,"20140902,20140909,20140916,20140923,20140930","{""2014-05"": 0.0459803482177108, ""2014-06"": 0.03243666816606172, ""2014-07"": -0.021199921513793463, ""2014-08"": 0.01288768561711251}",,
KEEP_CANDIDATE,redeem_day3_x1.06,single_day,redeem,1.06,{},5.842536805776199,0.01644785943459315,0.14429994059871468,6.223684086615349,0.12452126994866841,0.12903225806451613,0.0,0.1951219512195122,4,20140903,"{""2014-05"": 0.0, ""2014-06"": 0.03420459740261439, ""2014-07"": 0.0321596383347309, ""2014-08"": 0.0}",,
KEEP_CANDIDATE,redeem_day3_4_x1.06,day_range,redeem,1.06,{},5.842493453749641,0.01640450740803523,0.1441323719327416,6.192934331092913,0.12544376261434145,0.12903225806451613,-0.030749755522435862,0.1951219512195122,8,"20140903,20140904","{""2014-05"": 0.0, ""2014-06"": 0.06379855515334754, ""2014-07"": 0.03409807025107625, ""2014-08"": -0.030749755522435862}",,
KEEP_CANDIDATE,redeem_day3_6_x1.02,day_range,redeem,1.02,{},5.8424071183759,0.01631817203429442,0.1440751319413953,6.225170631320905,0.12394015304081248,0.16129032258064516,-0.00035200149514036383,0.2032520325203252,16,"20140903,20140904,20140905,20140906","{""2014-05"": -0.00035200149514036383, ""2014-06"": 0.03099772681454116, ""2014-07"": 0.033613952137391934, ""2014-08"": 0.001486544705556092}",,
KEEP_CANDIDATE,redeem_day3_4_x1.08,day_range,redeem,1.08,{},5.842293107206798,0.016204160865192385,0.14416574348596997,6.181152335909448,0.12628108054580237,0.12903225806451613,-0.04253175070590132,0.1951219512195122,8,"20140903,20140904","{""2014-05"": 0.0, ""2014-06"": 0.07592144075530172, ""2014-07"": 0.033353317278793426, ""2014-08"": -0.04253175070590132}",,
KEEP_CANDIDATE,redeem_day13_x1.10,single_day,redeem,1.1,{},5.842012628807311,0.01592368246570519,0.1438214450025407,6.275553226995627,0.12151362123026391,0.12903225806451613,-0.04028192694601529,0.1951219512195122,4,20140913,"{""2014-05"": -0.04028192694601529, ""2014-06"": 0.0, ""2014-07"": 0.051593849252243196, ""2014-08"": 0.05186914038027801}",,
KEEP_CANDIDATE,purchase_day16_x1.06,single_day,purchase,1.06,{},5.841336848088852,0.015247901747246217,0.1444011379799808,6.250972527999839,0.12225104220013756,0.12903225806451613,0.0,0.1951219512195122,4,20140916,"{""2014-05"": 0.0, ""2014-06"": 0.006881808971682446, ""2014-07"": 0.02655148267231322, ""2014-08"": 0.02728844138449027}",,
KEEP_CANDIDATE,redeem_day3_x1.12,single_day,redeem,1.12,{},5.841137195359724,0.015048249018118298,0.14459288172396895,6.223684086615349,0.1259728444556645,0.12903225806451613,0.0,0.1951219512195122,4,20140903,"{""2014-05"": 0.0, ""2014-06"": 0.013659763231051336, ""2014-07"": 0.04648844297732602, ""2014-08"": 0.0}",,
KEEP_CANDIDATE,purchase_day18_x0.90,single_day,purchase,0.9,{},5.84088465685804,0.014795710516434468,0.14409855225349946,6.207813843448026,0.12354580273669195,0.12903225806451613,-0.04558779455546347,0.1951219512195122,4,20140918,"{""2014-05"": 0.05956300956839122, ""2014-06"": -0.04558779455546347, ""2014-07"": 0.05913001521781336, ""2014-08"": -0.015870243167323217}",,
KEEP_CANDIDATE,redeem_day3_4_x1.04,day_range,redeem,1.04,{},5.8404637276083875,0.014374781266782044,0.14416590250245562,6.2047163262763805,0.12460644454331785,0.12903225806451613,-0.01896776033896863,0.1951219512195122,8,"20140903,20140904","{""2014-05"": 0.0, ""2014-06"": 0.0425323694321067, ""2014-07"": 0.034842825269649325, ""2014-08"": -0.01896776033896863}",,
KEEP_CANDIDATE,purchase_day4_x0.92,single_day,purchase,0.92,{},5.840287124130153,0.014198177788547817,0.14428725757164854,6.1885552214497865,0.12412356139663915,0.12903225806451613,-0.03512886516556257,0.1951219512195122,4,20140904,"{""2014-05"": 0.0, ""2014-06"": 0.04765847679841606, ""2014-07"": 0.04534246400552622, ""2014-08"": -0.03512886516556257}",,
KEEP_CANDIDATE,redeem_day13_x1.08,single_day,redeem,1.08,{},5.840191463355775,0.014102517014169536,0.14392473357995872,6.265179397752244,0.12182483610756539,0.12903225806451613,-0.028633567599850807,0.1951219512195122,4,20140913,"{""2014-05"": -0.028633567599850807, ""2014-06"": 0.0, ""2014-07"": 0.043093404615951236, ""2014-08"": 0.0414953111368952}",,
KEEP_CANDIDATE,purchase_day18_x0.92,single_day,purchase,0.92,{},5.839877399352757,0.01378845301115117,0.14412876997865795,6.217833546291448,0.12324521165138928,0.12903225806451613,-0.03554135064869346,0.1951219512195122,4,20140918,"{""2014-05"": 0.04765040824329336, ""2014-06"": -0.03554135064869346, ""2014-07"": 0.047304010784879225, ""2014-08"": -0.005850540323900866}",,
KEEP_CANDIDATE,purchase_day16_x1.08,single_day,purchase,1.08,{},5.839818055320828,0.013729108979222637,0.14455208558415678,6.2454267515193616,0.1224174154945519,0.12903225806451613,-0.0027601151127889523,0.1951219512195122,4,20140916,"{""2014-05"": 0.0, ""2014-06"": -0.0027601151127889523, ""2014-07"": 0.03540197567108816, ""2014-08"": 0.021742664904012443}",,
KEEP_CANDIDATE,redeem_weekday1_x1.02,weekday,redeem,1.02,{},5.8396867213306365,0.01359777498903103,0.144146429970111,6.231948049286128,0.12325297228633623,0.16129032258064516,-0.011878569172350417,0.2032520325203252,17,"20140902,20140909,20140916,20140923,20140930","{""2014-05"": 0.036640185717148555, ""2014-06"": 0.02162444559892851, ""2014-07"": -0.011878569172350417, ""2014-08"": 0.008263962670779001}",,
KEEP_CANDIDATE,redeem_day14_x0.94,single_day,redeem,0.94,{},5.839537140355693,0.013448194014087811,0.144305566183637,6.267327258321772,0.12176040029047959,0.12903225806451613,-0.029086507390869265,0.1951219512195122,4,20140914,"{""2014-05"": -0.029086507390869265, ""2014-06"": 0.0, ""2014-07"": 0.038802299030666454, ""2014-08"": 0.043643171706422734}",,
KEEP_CANDIDATE,redeem_day6_x1.04,single_day,redeem,1.04,{},5.839242155117995,0.013153208776389924,0.1441478273057008,6.2217246352872335,0.12312847898151576,0.12903225806451613,-0.001959451328115591,0.1951219512195122,4,20140906,"{""2014-05"": 0.018319665168473165, ""2014-06"": 0.019463084409938602, ""2014-07"": 0.01699308123054255, ""2014-08"": -0.001959451328115591}",,
KEEP_CANDIDATE,purchase_day16_x1.04,single_day,purchase,1.04,{},5.83916539926052,0.013076452918914683,0.1443608976236955,6.241876379371718,0.12252392665898122,0.12903225806451613,0.0,0.1951219512195122,4,20140916,"{""2014-05"": 0.0, ""2014-06"": 0.016523733056154732, ""2014-07"": 0.01770098844820911, ""2014-08"": 0.018192292756368467}",,
KEEP_CANDIDATE,purchase_weekday3_x1.03,weekday,purchase,1.03,{},5.839024625201038,0.012935678859432365,0.1443384362609886,6.249375771318047,0.12229894490059132,0.12903225806451613,-0.034328199317103625,0.1951219512195122,18,"20140904,20140911,20140918,20140925","{""2014-05"": 0.03593226786959569, ""2014-06"": 0.024830671626639322, ""2014-07"": -0.034328199317103625, ""2014-08"": 0.025691684702698225}",,
KEEP_CANDIDATE,purchase_day3_4_x0.96,day_range,purchase,0.96,{},5.838971157672372,0.012882211330766502,0.14432339379237036,6.1877817698395,0.12414676494494775,0.12903225806451613,-0.03590231677584921,0.1951219512195122,8,"20140903,20140904","{""2014-05"": 0.0, ""2014-06"": 0.044899811241003285, ""2014-07"": 0.04356417666146495, ""2014-08"": -0.03590231677584921}",,
KEEP_CANDIDATE,redeem_day3_4_x1.03,day_range,redeem,1.03,{},5.838960316300507,0.012871369958901369,0.1441973242456334,6.210607322952375,0.12418778553527822,0.12903225806451613,-0.0130767636629745,0.1951219512195122,8,"20140903,20140904","{""2014-05"": 0.0, ""2014-06"": 0.03189927836904349, ""2014-07"": 0.03327676862663509, ""2014-08"": -0.0130767636629745}",,
KEEP_CANDIDATE,redeem_day4_6_x1.03,day_range,redeem,1.03,{},5.838917532699898,0.012828586358292426,0.1440691878895476,6.213472010476349,0.12403760356135166,0.16129032258064516,-0.010212076139000104,0.2032520325203252,12,"20140904,20140905,20140906","{""2014-05"": -0.0016745977559846636, ""2014-06"": 0.02939429162698559, ""2014-07"": 0.03434110529047807, ""2014-08"": -0.010212076139000104}",,
KEEP_CANDIDATE,purchase_day18_x0.94,single_day,purchase,0.94,{},5.838870142431085,0.012781196089479252,0.1441589876863081,6.2278532491348715,0.12294462056608658,0.12903225806451613,-0.025494906741925227,0.1951219512195122,4,20140918,"{""2014-05"": 0.03573780691819639, ""2014-06"": -0.025494906741925227, ""2014-07"": 0.03547800866756479, ""2014-08"": 0.004169162519522374}",,
KEEP_CANDIDATE,purchase_weekday3_x1.04,weekday,purchase,1.04,{},5.838710330811463,0.012621384469857944,0.14440922611829612,6.248482726864264,0.12232573623420485,0.12903225806451613,-0.045770936028605824,0.1951219512195122,18,"20140904,20140911,20140918,20140925","{""2014-05"": 0.047909687882152774, ""2014-06"": 0.023912371153877565, ""2014-07"": -0.045770936028605824, ""2014-08"": 0.02479864024891487}",,
KEEP_CANDIDATE,redeem_day10_x1.06,single_day,redeem,1.06,{},5.838667544789054,0.012578598447448464,0.14416506561556902,6.249960114583589,0.1222814146026251,0.12903225806451613,-0.035696986745433534,0.1951219512195122,4,20140910,"{""2014-05"": -0.035696986745433534, ""2014-06"": 0.03066873939417203, ""2014-07"": 0.029650166106579334, ""2014-08"": 0.026276027968239468}",,
KEEP_CANDIDATE,redeem_day6_x1.03,single_day,redeem,1.03,{},5.838402879256061,0.012313932914455705,0.14417300558155885,6.227532257361214,0.12295425031929631,0.12903225806451613,0.003848170745865076,0.1951219512195122,4,20140906,"{""2014-05"": 0.013739749743230334, ""2014-06"": 0.014597312751619462, ""2014-07"": 0.017144155831209318, ""2014-08"": 0.003848170745865076}",,
KEEP_CANDIDATE,redeem_day1_7_x1.02,day_range,redeem,1.02,{},5.838198466349955,0.012109520008349861,0.14420139150217362,6.211446034895465,0.12435189093357571,0.16129032258064516,-0.032290913095045504,0.2032520325203252,28,"20140901,20140902,20140903,20140904,20140905,20140906,20140907","{""2014-05"": -0.032290913095045504, ""2014-06"": 0.02871460015726779, ""2014-07"": 0.06478809243780415, ""2014-08"": -0.012238051719884346}",,
KEEP_CANDIDATE,redeem_day6_x1.06,single_day,redeem,1.06,{},5.83811626794758,0.012027321605974528,0.14418160392081328,6.210109389044688,0.12347693636879208,0.12903225806451613,-0.013574697570660987,0.1951219512195122,4,20140906,"{""2014-05"": 0.027479499486460668, ""2014-06"": 0.029194625503238036, ""2014-07"": 0.005563643001544882, ""2014-08"": -0.013574697570660987}",,
KEEP_CANDIDATE,purchase_day18_x0.96,single_day,purchase,0.96,{},5.837862884722907,0.011773938381301363,0.14418920541755345,6.237872950357281,0.12264402952941429,0.12903225806451613,-0.0154484613437873,0.1951219512195122,4,20140918,"{""2014-05"": 0.02382520265019572, ""2014-06"": -0.0154484613437873, ""2014-07"": 0.02365200655025035, ""2014-08"": 0.014188863741932067}",,
KEEP_CANDIDATE,redeem_day10_x1.08,single_day,redeem,1.08,{},5.83782303248118,0.011734086139574273,0.14419040098480526,6.238731768203155,0.12261826499403809,0.12903225806451613,-0.04759597831091433,0.1951219512195122,4,20140910,"{""2014-05"": -0.04759597831091433, ""2014-06"": 0.04089165252556359, ""2014-07"": 0.039533555413456156, ""2014-08"": 0.015047681587805783}",,
KEEP_CANDIDATE,redeem_day13_x1.06,single_day,redeem,1.06,{},5.837797451645378,0.011708505303772654,0.144045207556703,6.254805570454407,0.12213605092650054,0.12903225806451613,-0.01698521054665303,0.1951219512195122,4,20140913,"{""2014-05"": -0.01698521054665303, ""2014-06"": 0.0, ""2014-07"": 0.032320054203212045, ""2014-08"": 0.031121483839058328}",,
KEEP_CANDIDATE,purchase_day26_x1.08,single_day,purchase,1.08,{},5.837411694642029,0.011322748300423235,0.1442027411199798,6.251479384954788,0.12223583649148914,0.12903225806451613,-0.04607395963805683,0.1951219512195122,4,20140926,"{""2014-05"": 0.03245927187498854, ""2014-06"": 0.03176997043615337, ""2014-07"": -0.04607395963805683, ""2014-08"": 0.027795298339438723}",,
KEEP_CANDIDATE,purchase_day16_17_x1.04,day_range,purchase,1.04,{},5.837302601389927,0.011213655048321947,0.14441678155981333,6.2603804437414485,0.12196880472788925,0.12903225806451613,-0.01935886082086835,0.1951219512195122,8,"20140916,20140917","{""2014-05"": -0.01935886082086835, ""2014-06"": 0.030715022737813236, ""2014-07"": -0.0025688224726767572, ""2014-08"": 0.03669635712609942}",,
KEEP_CANDIDATE,redeem_day14_x0.95,single_day,redeem,0.95,{},5.837295775048247,0.01120682870664158,0.1443450424004411,6.260053396835769,0.12197861613505967,0.12903225806451613,-0.02423875553566468,0.1951219512195122,4,20140914,"{""2014-05"": -0.02423875553566468, ""2014-06"": 0.0, ""2014-07"": 0.032335249538368416, ""2014-08"": 0.03636931022041967}",,
KEEP_CANDIDATE,purchase_day3_9_x0.96,day_range,purchase,0.96,{},5.837096486166051,0.0110075398244458,0.14456601312110043,6.204897527764441,0.12401466373584265,0.12903225806451613,-0.04915827038213205,0.1951219512195122,28,"20140903,20140904,20140905,20140906,20140907,20140908,20140909","{""2014-05"": -0.04915827038213205, ""2014-06"": -0.0019236735292817997, ""2014-07"": 0.1134815261454678, ""2014-08"": -0.018786558850908186}",,
KEEP_CANDIDATE,redeem_day3_x1.04,single_day,redeem,1.04,{},5.837054185964668,0.010965239623062395,0.14438076823628046,6.223684086615349,0.12403741173314882,0.12903225806451613,0.0,0.1951219512195122,4,20140903,"{""2014-05"": 0.0, ""2014-06"": 0.022803064935075668, ""2014-07"": 0.021439758889821192, ""2014-08"": 0.0}",,
KEEP_CANDIDATE,redeem_day4_6_x1.04,day_range,redeem,1.04,{},5.8370312853056046,0.010942338963999099,0.14409879464602873,6.2017733917263715,0.124618912234573,0.16129032258064516,-0.021910694888977567,0.2032520325203252,12,"20140904,20140905,20140906","{""2014-05"": -0.002997193838718104, ""2014-06"": 0.039192388906968745, ""2014-07"": 0.030396147610370683, ""2014-08"": -0.021910694888977567}",,
KEEP_CANDIDATE,redeem_day6_x1.08,single_day,redeem,1.08,{},5.836990380354577,0.010901434012971833,0.14421538054860336,6.198494140707563,0.12382539381890585,0.12903225806451613,-0.025189945907786004,0.1951219512195122,4,20140906,"{""2014-05"": 0.03663933207069725, ""2014-06"": 0.038926168819877205, ""2014-07"": -0.005865795227452786, ""2014-08"": -0.025189945907786004}",,
KEEP_CANDIDATE,purchase_weekday3_x1.02,weekday,purchase,1.02,{},5.836955461086699,0.010866514745093703,0.1443391501778803,6.240811877075254,0.12255586172787514,0.12903225806451613,-0.022885467851562424,0.1951219512195122,18,"20140904,20140911,20140918,20140925","{""2014-05"": 0.023954845350522724, ""2014-06"": 0.025748970230726087, ""2014-07"": -0.022885467851562424, ""2014-08"": 0.01712779045990498}",,
KEEP_CANDIDATE,redeem_day4_6_x1.02,day_range,redeem,1.02,{},5.836924498564369,0.010835552222763667,0.14415595957896105,6.225170631320905,0.12345629482529288,0.16129032258064516,-0.00035200149514036383,0.2032520325203252,12,"20140904,20140905,20140906","{""2014-05"": -0.00035200149514036383, ""2014-06"": 0.019596194347002438, ""2014-07"": 0.022894072692481338, ""2014-08"": 0.001486544705556092}",,
KEEP_CANDIDATE,purchase_day15_16_x1.04,day_range,purchase,1.04,{},5.836769132400879,0.010680186059273566,0.14443278562948478,6.260349769900248,0.12196972494312527,0.12903225806451613,-0.022603333454878083,0.1951219512195122,8,"20140915,20140916","{""2014-05"": -0.022603333454878083, ""2014-06"": -0.006593521202190367, ""2014-07"": 0.034694699245988225, ""2014-08"": 0.03666568328489905}",,
KEEP_CANDIDATE,redeem_day25_27_x0.96,day_range,redeem,0.96,{},5.836746193979405,0.010657247637799294,0.14471278124578188,6.227833928620702,0.12338167028745234,0.12903225806451613,-0.014639320345972706,0.1951219512195122,12,"20140925,20140926,20140927","{""2014-05"": -0.014639320345972706, ""2014-06"": 0.0, ""2014-07"": 0.05277468670994967, ""2014-08"": 0.004149842005352511}",,
KEEP_CANDIDATE,purchase_day4_x0.94,single_day,purchase,0.94,{},5.836737580089599,0.010648633747993408,0.14435104905878707,6.197337438472894,0.12386009488594593,0.12903225806451613,-0.026346648142455464,0.1951219512195122,4,20140904,"{""2014-05"": 0.0, ""2014-06"": 0.0357438585096892, ""2014-07"": 0.03400684800414577, ""2014-08"": -0.026346648142455464}",,
KEEP_CANDIDATE,redeem_day4_7_x1.02,day_range,redeem,1.02,{},5.836466300258823,0.010377353917217391,0.1441697055281274,6.213015612648781,0.12382094538545667,0.16129032258064516,-0.013160314745369384,0.2032520325203252,16,"20140904,20140905,20140906,20140907","{""2014-05"": -0.013160314745369384, ""2014-06"": 0.031530517799143176, ""2014-07"": 0.034490046706892485, ""2014-08"": -0.010668473966568115}",,
KEEP_CANDIDATE,purchase_day16_x1.03,single_day,purchase,1.03,{},5.83640118513679,0.010312238795184392,0.14439113214472574,6.237328306182626,0.122660368854654,0.12903225806451613,0.0,0.1951219512195122,4,20140916,"{""2014-05"": 0.0, ""2014-06"": 0.014462886126707986, ""2014-07"": 0.013275741336157942, ""2014-08"": 0.013644219567276572}",,
KEEP_CANDIDATE,purchase_day31_x0.86,single_day,purchase,0.86,{},5.836371430404753,0.010282484063147912,0.1432833331049536,6.223684086615349,0.1243552259790849,0.12903225806451613,0.0,0.1951219512195122,3,,"{""2014-05"": 0.04079824321829584, ""2014-06"": 0.0, ""2014-07"": 0.0, ""2014-08"": 0.0}",,
KEEP_CANDIDATE,redeem_day25_x0.95,single_day,redeem,0.95,{},5.836183900342717,0.010094954001111489,0.14434781901591237,6.256564032073191,0.12208329707793701,0.12903225806451613,-0.023971016755989005,0.1951219512195122,4,20140925,"{""2014-05"": -0.023971016755989005, ""2014-06"": 0.0, ""2014-07"": 0.031145243625138264, ""2014-08"": 0.03287994545784212}",,
KEEP_CANDIDATE,purchase_day14_16_x1.04,day_range,purchase,1.04,{},5.8361473631658205,0.010058416824215044,0.14445143870653654,6.278947459941743,0.12141179424188045,0.12903225806451613,-0.041964467161852426,0.1951219512195122,12,"20140914,20140915,20140916","{""2014-05"": -0.041964467161852426, ""2014-06"": 0.012262920282196, ""2014-07"": 0.014742953864896435, ""2014-08"": 0.05526337332639386}",,
KEEP_CANDIDATE,redeem_day6_x1.02,single_day,redeem,1.02,{},5.836085233092472,0.009996286750866723,0.14424253496646652,6.233339881529778,0.12278002159423941,0.12903225806451613,0.009159832584236582,0.1951219512195122,4,20140906,"{""2014-05"": 0.009159832584236582, ""2014-06"": 0.009731541093300322, ""2014-07"": 0.011429438228998556, ""2014-08"": 0.009655794914428917}",,
KEEP_CANDIDATE,purchase_day16_17_x1.03,day_range,purchase,1.03,{},5.835944018082185,0.009855071740579646,0.14440484715636384,6.251206352040218,0.12224402747892618,0.12903225806451613,-0.01451914561565193,0.1951219512195122,8,"20140916,20140917","{""2014-05"": -0.01451914561565193, ""2014-06"": 0.02896007293436309, ""2014-07"": -0.0019266154201718066, ""2014-08"": 0.02752226542486902}",,
KEEP_CANDIDATE,purchase_day16_x1.10,single_day,purchase,1.1,{},5.835939538574711,0.00985059223310536,0.1447738249076755,6.236330605141177,0.12269029988589743,0.12903225806451613,-0.012402039197261239,0.1951219512195122,4,20140916,"{""2014-05"": 0.0, ""2014-06"": -0.012402039197261239, ""2014-07"": 0.03844006278352197, ""2014-08"": 0.012646518525827766}",,
KEEP_CANDIDATE,redeem_day6_x1.10,single_day,redeem,1.1,{},5.8358644927471985,0.009775546405593083,0.14424915717682468,6.186878894465019,0.1241738512061822,0.12903225806451613,-0.03680519215033051,0.1951219512195122,4,20140906,"{""2014-05"": 0.045799164654932945, ""2014-06"": 0.04865770991317753, ""2014-07"": -0.017295233456451342, ""2014-08"": -0.03680519215033051}",,
KEEP_CANDIDATE,redeem_day3_9_x1.02,day_range,redeem,1.02,{},5.835835580551592,0.00974663420998656,0.1442722780761245,6.210102266742869,0.12439220397815362,0.16129032258064516,-0.014559341991243535,0.2032520325203252,28,"20140903,20140904,20140905,20140906,20140907,20140908,20140909","{""2014-05"": -0.014559341991243535, ""2014-06"": 0.04053784817890893, ""2014-07"": 0.02758311549150161, ""2014-08"": -0.013581819872480416}",,
KEEP_CANDIDATE,redeem_day10_x1.04,single_day,redeem,1.04,{},5.8357195534507476,0.009630607109142097,0.14425350535571824,6.246140779376217,0.12239599465884625,0.12903225806451613,-0.023797991163622356,0.1951219512195122,4,20140910,"{""2014-05"": -0.023797991163622356, ""2014-06"": 0.020445826262781353, ""2014-07"": 0.019766778613754532, ""2014-08"": 0.022456692760868258}",,
KEEP_CANDIDATE,redeem_day6_7_x1.02,day_range,redeem,1.02,{},5.835627034786927,0.009538088445321335,0.14425628091563286,6.221184862857652,0.12314467215440317,0.12903225806451613,-0.003648480665991549,0.1951219512195122,8,"20140906,20140907","{""2014-05"": -0.003648480665991549, ""2014-06"": 0.021665864545440172, ""2014-07"": 0.023025412243408816, ""2014-08"": -0.0024992237576970666}",,
KEEP_CANDIDATE,purchase_day26_x1.06,single_day,purchase,1.06,{},5.835581553034307,0.009492606692701244,0.14425764536821148,6.2445305603699275,0.12244430122903492,0.12903225806451613,-0.03455546784237118,0.1951219512195122,4,20140926,"{""2014-05"": 0.024344453906241625, ""2014-06"": 0.0279297122943456, ""2014-07"": -0.03455546784237118, ""2014-08"": 0.020846473754578376}",,
KEEP_CANDIDATE,purchase_day3_5_x0.96,day_range,purchase,0.96,{},5.835485069482147,0.009396123140541945,0.14452409446562128,6.1877817698395,0.12452813647359089,0.12903225806451613,-0.03590231677584921,0.1951219512195122,12,"20140903,20140904,20140905","{""2014-05"": -0.01775360016329941, ""2014-06"": 0.02774452900126345, ""2014-07"": 0.06408776456007637, ""2014-08"": -0.03590231677584921}",,
KEEP_CANDIDATE,purchase_day3_9_x0.98,day_range,purchase,0.98,{},5.835443154480499,0.00935420813889376,0.14443870519441718,6.221465381419296,0.12332694236187541,0.12903225806451613,-0.02457913313596105,0.1951219512195122,28,"20140903,20140904,20140905,20140906,20140907,20140908,20140909","{""2014-05"": -0.02457913313596105, ""2014-06"": 0.007411227012087629, ""2014-07"": 0.05674076706495956, ""2014-08"": -0.002218705196052717}",,
KEEP_CANDIDATE,redeem_day13_x1.04,single_day,redeem,1.04,{},5.835403439765609,0.0093144934240037,0.14416568152696807,6.244431743156569,0.12244726574543568,0.12903225806451613,-0.005336851200490322,0.1951219512195122,4,20140913,"{""2014-05"": -0.005336851200490322, ""2014-06"": 0.0, ""2014-07"": 0.021546700825478382, ""2014-08"": 0.020747656541219683}",,
KEEP_CANDIDATE,redeem_day25_x0.94,single_day,redeem,0.94,{},5.8352454061470125,0.009156459805407025,0.144397622651906,6.2631400200289615,0.12188601743926393,0.12903225806451613,-0.028765221643253014,0.1951219512195122,4,20140925,"{""2014-05"": -0.028765221643253014, ""2014-06"": 0.0, ""2014-07"": 0.02563975778012839, ""2014-08"": 0.03945593341361242}",,
KEEP_CANDIDATE,redeem_day4_10_x1.02,day_range,redeem,1.02,{},5.835168264294631,0.009079317953025523,0.14420864660705318,6.221330613123303,0.12357149537122102,0.16129032258064516,-0.026458337573053825,0.2032520325203252,28,"20140904,20140905,20140906,20140907,20140908,20140909,20140910","{""2014-05"": -0.026458337573053825, ""2014-06"": 0.03935922884276177, ""2014-07"": 0.026746625353466946, ""2014-08"": -0.0023534734920458433}",,
KEEP_CANDIDATE,redeem_day3_4_x1.02,day_range,redeem,1.02,{},5.835055992896086,0.00896704655448044,0.14430077338688163,6.216498319628369,0.12376912666680127,0.12903225806451613,-0.007185766986980369,0.1951219512195122,8,"20140903,20140904","{""2014-05"": 0.0, ""2014-06"": 0.02126618572123995, ""2014-07"": 0.022184513908393377, ""2014-08"": -0.007185766986980369}",,
KEEP_CANDIDATE,redeem_day14_x0.96,single_day,redeem,0.96,{},5.835054409269453,0.008965462927847945,0.14438451865083418,6.252779535349767,0.12219683197963974,0.12903225806451613,-0.019391005550637885,0.1951219512195122,4,20140914,"{""2014-05"": -0.019391005550637885, ""2014-06"": 0.0, ""2014-07"": 0.025868200046070378, ""2014-08"": 0.029095448734417495}",,
KEEP_CANDIDATE,purchase_day7_x0.92,single_day,purchase,0.92,{},5.834913299267236,0.008824352925630663,0.14427769298122356,6.2671737193146955,0.12176500646069187,0.12903225806451613,-0.031847015193594785,0.1951219512195122,4,20140907,"{""2014-05"": -0.031847015193594785, ""2014-06"": -0.016746124022803954, ""2014-07"": 0.039576064124466015, ""2014-08"": 0.04348963269934636}",,
KEEP_CANDIDATE,purchase_day15_17_x1.04,day_range,purchase,1.04,{},5.8349063345302845,0.008817388188679054,0.14448866956560255,6.278853834269982,0.12141460301203331,0.12903225806451613,-0.04196219427574732,0.1951219512195122,12,"20140915,20140916,20140917","{""2014-05"": -0.04196219427574732, ""2014-06"": 0.007597768479467248, ""2014-07"": 0.014424888325102359, ""2014-08"": 0.05516974765463267}",,
KEEP_CANDIDATE,purchase_day15_16_x1.06,day_range,purchase,1.06,{},5.834882450401806,0.008793504060200519,0.1445947699105922,6.267334879954077,0.12176017164151039,0.12903225806451613,-0.033904999410267145,0.1951219512195122,8,"20140915,20140916","{""2014-05"": -0.033904999410267145, ""2014-06"": -0.027794070910537094, ""2014-07"": 0.05204204886898278, ""2014-08"": 0.04365079333872757}",,
KEEP_CANDIDATE,redeem_day3_5_x1.04,day_range,redeem,1.04,{},5.834843316152278,0.008754369810672458,0.14433173557660842,6.203732843054488,0.12552784498620606,0.16129032258064516,-0.02131685900719038,0.2032520325203252,12,"20140903,20140904,20140905","{""2014-05"": -0.02131685900719038, ""2014-06"": 0.0425323694321067, ""2014-07"": 0.034842825269649325, ""2014-08"": -0.019951243560861087}",,
KEEP_CANDIDATE,redeem_day3_5_x1.03,day_range,redeem,1.03,{},5.834827529696,0.008738583354394258,0.14431736436845738,6.209623839730482,0.12487883586744436,0.16129032258064516,-0.01541434749921411,0.2032520325203252,12,"20140903,20140904,20140905","{""2014-05"": -0.01541434749921411, ""2014-06"": 0.03189927836904349, ""2014-07"": 0.03327676862663509, ""2014-08"": -0.014060246884866956}",,
KEEP_CANDIDATE,redeem_day25_26_x0.96,day_range,redeem,0.96,{},5.834804758865498,0.008715812523892197,0.14455925474116166,6.227833928620702,0.1229452001815117,0.12903225806451613,0.0,0.1951219512195122,8,"20140925,20140926","{""2014-05"": 0.005516058397344814, ""2014-06"": 0.0, ""2014-07"": 0.024916194450164575, ""2014-08"": 0.004149842005352511}",,
KEEP_CANDIDATE,redeem_day6_x1.12,single_day,redeem,1.12,{},5.8347386064443905,0.008649660102785006,0.14428293376590895,6.175263648222474,0.12452230859345854,0.12903225806451613,-0.04842043839287502,0.1951219512195122,4,20140906,"{""2014-05"": 0.05495899723916864, ""2014-06"": 0.05838925322981492, ""2014-07"": -0.02872466866087109, ""2014-08"": -0.04842043839287502}",,
KEEP_CANDIDATE,purchase_day7_x0.94,single_day,purchase,0.94,{},5.83463702228021,0.00854807593860496,0.14428598129083436,6.2563013111398575,0.12209117870593698,0.12903225806451613,-0.023885260815470488,0.1951219512195122,4,20140907,"{""2014-05"": -0.023885260815470488, ""2014-06"": -0.0065038952328482225, ""2014-07"": 0.03147868782108798, ""2014-08"": 0.03261722452450844}",,
KEEP_CANDIDATE,purchase_day15_16_x1.03,day_range,purchase,1.03,{},5.8346039855154,0.008515039173794925,0.1444450481333674,6.251183348584372,0.12224471758260155,0.12903225806451613,-0.01695249970513313,0.1951219512195122,8,"20140915,20140916","{""2014-05"": -0.01695249970513313, ""2014-06"": -0.0028750523091041202, ""2014-07"": 0.026021024434491835, ""2014-08"": 0.02749926196902308}",,
KEEP_CANDIDATE,purchase_weekday0_x1.06,weekday,purchase,1.06,{},5.834516318209926,0.008427371868320321,0.14443336500695086,6.270164614781322,0.12167527959669308,0.12903225806451613,-0.042233591022935,0.1951219512195122,17,"20140901,20140908,20140915,20140922,20140929","{""2014-05"": 0.02059159563530688, ""2014-06"": 0.008885740789156493, ""2014-07"": -0.042233591022935, ""2014-08"": 0.046480528165973034}",,
KEEP_CANDIDATE,redeem_day3_x1.03,single_day,redeem,1.03,{},5.834312876252164,0.008223929910558425,0.14442118206046858,6.223684086615349,0.123795482625389,0.12903225806451613,0.0,0.1951219512195122,4,20140903,"{""2014-05"": 0.0, ""2014-06"": 0.017102299493676476, ""2014-07"": 0.01607981916736545, ""2014-08"": 0.0}",,
KEEP_CANDIDATE,redeem_day5_6_x1.03,day_range,redeem,1.03,{},5.834270092651554,0.008181146309948595,0.1442930457043828,6.226548774139322,0.12364530065146245,0.16129032258064516,-0.0016745977559846636,0.2032520325203252,8,"20140905,20140906","{""2014-05"": -0.0016745977559846636, ""2014-06"": 0.014597312751619462, ""2014-07"": 0.017144155831209318, ""2014-08"": 0.00286468752397262}",,
KEEP_CANDIDATE,redeem_day13_x1.03,single_day,redeem,1.03,{},5.834206433954192,0.008117487612586238,0.14422591851402675,6.239244828534877,0.12260287318408641,0.12903225806451613,0.0,0.1951219512195122,4,20140913,"{""2014-05"": 0.00048732847259191914, ""2014-06"": 0.0, ""2014-07"": 0.016160025619108787, ""2014-08"": 0.015560741919528276}",,
KEEP_CANDIDATE,purchase_day5_x1.08,single_day,purchase,1.08,{},5.834201492422889,0.008112546081283867,0.14414102220053218,6.228208775169459,0.1223069524211561,0.12903225806451613,-0.04104717294056748,0.1951219512195122,4,20140905,"{""2014-05"": 0.03550720032659882, ""2014-06"": 0.034310565795120596, ""2014-07"": -0.04104717294056748, ""2014-08"": 0.0045246885541097015}",,
KEEP_CANDIDATE,redeem_day25_x0.96,single_day,redeem,0.96,{},5.834164908980163,0.008075962638557144,0.1443867399384962,6.249988042224424,0.12228057677340005,0.12903225806451613,-0.01917681442883623,0.1951219512195122,4,20140925,"{""2014-05"": -0.01917681442883623, ""2014-06"": 0.0, ""2014-07"": 0.024916194450164575, ""2014-08"": 0.026303955609074947}",,
KEEP_CANDIDATE,purchase_day15_17_x1.03,day_range,purchase,1.03,{},5.834146818460796,0.00805787211919018,0.14445876314500553,6.265061394441967,0.12182837620687374,0.12903225806451613,-0.03147164532078506,0.1951219512195122,12,"20140915,20140916,20140917","{""2014-05"": -0.03147164532078506, ""2014-06"": 0.011622134498550096, ""2014-07"": 0.010818667678162974, ""2014-08"": 0.04137730782661819}",,
KEEP_CANDIDATE,purchase_day14_16_x1.03,day_range,purchase,1.03,{},5.834137658401348,0.008048712059742336,0.14445903794678897,6.265131616115492,0.12182626955666795,0.12903225806451613,-0.031473349589363764,0.1951219512195122,12,"20140914,20140915,20140916","{""2014-05"": -0.031473349589363764, ""2014-06"": 0.011267278115763446, ""2014-07"": 0.01105721492391254, ""2014-08"": 0.04144752950014308}",,
KEEP_CANDIDATE,purchase_weekday0_x1.04,weekday,purchase,1.04,{},5.833914588923331,0.007825642581725134,0.14435244173614378,6.254671105826612,0.12214008486533443,0.12903225806451613,-0.034908067203375026,0.1951219512195122,17,"20140901,20140908,20140915,20140922,20140929","{""2014-05"": 0.013727730423538809, ""2014-06"": 0.02195156273926635, ""2014-07"": -0.034908067203375026, ""2014-08"": 0.030987019211262457}",,
KEEP_CANDIDATE,redeem_day3_5_x1.06,day_range,redeem,1.06,{},5.833897792108472,0.007808845766866135,0.14438979090760037,6.191950847871021,0.12682586327867373,0.16129032258064516,-0.0331218839350047,0.2032520325203252,12,"20140903,20140904,20140905","{""2014-05"": -0.0331218839350047, ""2014-06"": 0.06379855515334754, ""2014-07"": 0.03409807025107625, ""2014-08"": -0.03173323874432832}",,
KEEP_CANDIDATE,purchase_day7_x0.96,single_day,purchase,0.96,{},5.833756996000019,0.0076680496584131674,0.1443123820792401,6.245428902965021,0.12241735095118207,0.12903225806451613,-0.015923507596797393,0.1951219512195122,4,20140907,"{""2014-05"": -0.015923507596797393, ""2014-06"": 0.003738333557106621, ""2014-07"": 0.020985791288144817, ""2014-08"": 0.02174481634967229}",,
KEEP_CANDIDATE,purchase_day10_x1.08,single_day,purchase,1.08,{},5.833735352725602,0.00764640638399694,0.14420501517159162,6.235351964963728,0.12229107866143497,0.12903225806451613,-0.04397022937199058,0.1951219512195122,4,20140910,"{""2014-05"": 0.027970006168945183, ""2014-06"": 0.03582702252420766, ""2014-07"": -0.04397022937199058, ""2014-08"": 0.011667878348379013}",,
KEEP_CANDIDATE,purchase_day14_17_x1.03,day_range,purchase,1.03,{},5.833680491346743,0.00759154500513759,0.1444727529584271,6.279009661973086,0.12140992818094012,0.12903225806451613,-0.04599249520501569,0.1951219512195122,16,"20140914,20140915,20140916,20140917","{""2014-05"": -0.04599249520501569, ""2014-06"": 0.02576446492341855, ""2014-07"": -0.004145141832415433, ""2014-08"": 0.0553255753577373}",,
KEEP_CANDIDATE,redeem_weekday5_x0.96,weekday,redeem,0.96,{},5.8336469574653425,0.007558011123736996,0.14492924350754124,6.262060671684849,0.12191839788958729,0.12903225806451613,-0.03836230392129636,0.1951219512195122,18,"20140906,20140913,20140920,20140927","{""2014-05"": -0.03836230392129636, ""2014-06"": -0.023868646904278812, ""2014-07"": 0.05307264708882986, ""2014-08"": 0.038376585069499924}",,
KEEP_CANDIDATE,redeem_day5_6_x1.04,day_range,redeem,1.04,{},5.833621743661886,0.007532797320280338,0.14431366037985358,6.22074115206534,0.12404987942440393,0.16129032258064516,-0.002997193838718104,0.2032520325203252,8,"20140905,20140906","{""2014-05"": -0.002997193838718104, ""2014-06"": 0.019463084409938602, ""2014-07"": 0.01699308123054255, ""2014-08"": -0.0029429345500089354}",,
KEEP_CANDIDATE,redeem_day4_7_x1.03,day_range,redeem,1.03,{},5.833598766547468,0.0075098202058621055,0.1442287508741205,6.1952394801366975,0.12458457947154118,0.16129032258064516,-0.028444606478651657,0.2032520325203252,16,"20140904,20140905,20140906,20140907","{""2014-05"": -0.020887068866634273, ""2014-06"": 0.04028277541406666, ""2014-07"": 0.04014537285815578, ""2014-08"": -0.028444606478651657}",,
KEEP_CANDIDATE,redeem_day25_27_x0.94,day_range,redeem,0.94,{},5.8335144831295045,0.007425536787899034,0.1450547701232444,6.22990884962338,0.12353765771034238,0.12903225806451613,-0.0441896436962228,0.1951219512195122,12,"20140925,20140926,20140927","{""2014-05"": -0.0441896436962228, ""2014-06"": 0.0, ""2014-07"": 0.06742749439501594, ""2014-08"": 0.006224763008030543}",,
KEEP_CANDIDATE,redeem_day5_6_x1.02,day_range,redeem,1.02,{},5.833440071821421,0.007351125479815757,0.1443167821235061,6.232356398307885,0.12324072181568352,0.16129032258064516,-0.00035200149514036383,0.2032520325203252,8,"20140905,20140906","{""2014-05"": -0.00035200149514036383, ""2014-06"": 0.009731541093300322, ""2014-07"": 0.011429438228998556, ""2014-08"": 0.008672311692535573}",,
KEEP_CANDIDATE,redeem_day12_13_x1.04,day_range,redeem,1.04,{},5.83339629140635,0.00730734506474473,0.1442258959777458,6.266414772418782,0.12178777486756927,0.12903225806451613,-0.030182038856501947,0.1951219512195122,8,"20140912,20140913","{""2014-05"": -0.030182038856501947, ""2014-06"": 0.023282944602251554, ""2014-07"": -0.006086869369640979, ""2014-08"": 0.04273068580343331}",,
KEEP_CANDIDATE,redeem_day10_x1.03,single_day,redeem,1.03,{},5.833311901423534,0.007222955081928717,0.1443257349165346,6.240526606186,0.12256441985455277,0.12903225806451613,-0.017848493372716767,0.1951219512195122,4,20140910,"{""2014-05"": -0.017848493372716767, ""2014-06"": 0.015334368672385246, ""2014-07"": 0.014825083960316121, ""2014-08"": 0.01684251957065097}",,
KEEP_CANDIDATE,purchase_day31_x1.20,single_day,purchase,1.2,{},5.833293234391454,0.007204288049848628,0.1463411242271583,6.252268842426041,0.12123322327552206,0.12903225806451613,0.0,0.1951219512195122,3,,"{""2014-05"": 0.0, ""2014-06"": 0.0, ""2014-07"": 0.0, ""2014-08"": 0.028584755810691753}",,
KEEP_CANDIDATE,purchase_day18_x0.98,single_day,purchase,0.98,{},5.833279572128193,0.007190625786587468,0.14432670479539483,6.2337037894587715,0.12276910435636962,0.12903225806451613,-0.005402017437018181,0.1951219512195122,4,20140918,"{""2014-05"": 0.01191260132509786, ""2014-06"": -0.005402017437018181, ""2014-07"": 0.011826002117314438, ""2014-08"": 0.010019702843422351}",,
KEEP_CANDIDATE,purchase_day4_x0.96,single_day,purchase,0.96,{},5.83318803523588,0.007099088894274352,0.1444148405703205,6.206119654032569,0.12359662841915572,0.12903225806451613,-0.017564432582780398,0.1951219512195122,4,20140904,"{""2014-05"": 0.0, ""2014-06"": 0.02382923839920803, ""2014-07"": 0.022671232002763553, ""2014-08"": -0.017564432582780398}",,
KEEP_CANDIDATE,purchase_day4_7_x0.98,day_range,purchase,0.98,{},5.833163988909614,0.007075042568008172,0.14442092613980245,6.229275179415653,0.12309264842198474,0.12903225806451613,-0.006212880607270321,0.1951219512195122,16,"20140904,20140905,20140906,20140907","{""2014-05"": -0.006212880607270321, ""2014-06"": 0.0054130077537051235, ""2014-07"": 0.02345533629902885, ""2014-08"": 0.0055910928003042315}",,
KEEP_CANDIDATE,redeem_day6_7_x1.03,day_range,redeem,1.03,{},5.833084113103632,0.0069951667620262725,0.14433256856613172,6.209299727021563,0.12350122622948584,0.12903225806451613,-0.014384359593786478,0.1951219512195122,8,"20140906,20140907","{""2014-05"": -0.005472721367418387, ""2014-06"": 0.025485796538700534, ""2014-07"": 0.022948423398886142, ""2014-08"": -0.014384359593786478}",,
KEEP_CANDIDATE,redeem_day13_x1.02,single_day,redeem,1.02,{},5.833009427564872,0.006920481223266606,0.1442861555184225,6.234057913913186,0.12275848062273714,0.12903225806451613,0.0,0.1951219512195122,4,20140913,"{""2014-05"": 0.006311505852707455, ""2014-06"": 0.0, ""2014-07"": 0.01077335041274008, ""2014-08"": 0.010373827297836868}",,
KEEP_CANDIDATE,redeem_day25_x0.92,single_day,redeem,0.92,{},5.833003696465607,0.006914750124001223,0.14450817156259327,6.276291997833499,0.12149145810512782,0.12903225806451613,-0.038353628857670685,0.1951219512195122,4,20140925,"{""2014-05"": -0.038353628857670685, ""2014-06"": 0.0, ""2014-07"": 0.01318166167991297, ""2014-08"": 0.052607911218149894}",,
KEEP_CANDIDATE,redeem_day5_7_x1.02,day_range,redeem,1.02,{},5.832981873515875,0.006892927174269481,0.1443305280726725,6.22020137963576,0.12360537237584727,0.16129032258064516,-0.013160314745369384,0.2032520325203252,12,"20140905,20140906,20140907","{""2014-05"": -0.013160314745369384, ""2014-06"": 0.021665864545440172, ""2014-07"": 0.023025412243408816, ""2014-08"": -0.0034827069795895227}",,
KEEP_CANDIDATE,purchase_day16_x1.02,single_day,purchase,1.02,{},5.832963772205062,0.006874825863456557,0.14444156261422403,6.232780232993533,0.12279681105032675,0.12903225806451613,0.0,0.1951219512195122,4,20140916,"{""2014-05"": 0.0, ""2014-06"": 0.009641924084472286, ""2014-07"": 0.008850494224104999, ""2014-08"": 0.00909614637818379}",,
KEEP_CANDIDATE,purchase_day31_x0.88,single_day,purchase,0.88,{},5.832923660220692,0.006834713879086962,0.14346320316912015,6.223684086615349,0.12417157875191616,0.12903225806451613,0.0,0.1951219512195122,3,,"{""2014-05"": 0.027118380875085002, ""2014-06"": 0.0, ""2014-07"": 0.0, ""2014-08"": 0.0}",,
KEEP_CANDIDATE,redeem_day3_x1.15,single_day,redeem,1.15,{},5.832913265835688,0.006824319494082687,0.14496507599848288,6.223684086615349,0.12669863163938122,0.12903225806451613,-0.0034425346778865773,0.1951219512195122,4,20140903,"{""2014-05"": 0.0, ""2014-06"": -0.0034425346778865773, ""2014-07"": 0.030408623809960567, ""2014-08"": 0.0}",,
KEEP_CANDIDATE,redeem_day2_8_x1.02,day_range,redeem,1.02,{},5.832911615028584,0.006822668686978339,0.14435999704181474,6.210775298127768,0.12437201303660667,0.16129032258064516,-0.03803437739871818,0.2032520325203252,28,"20140902,20140903,20140904,20140905,20140906,20140907,20140908","{""2014-05"": -0.03803437739871818, ""2014-06"": 0.028361502774569836, ""2014-07"": 0.05056713895924503, ""2014-08"": -0.012908788487581369}",,
KEEP_CANDIDATE,purchase_day30_x1.08,single_day,purchase,1.08,{},5.832906949110678,0.006818002769072962,0.1448800831681944,6.256477317182365,0.12208589852466181,0.12903225806451613,-0.031806906023222226,0.1951219512195122,4,20140930,"{""2014-05"": -0.031806906023222226, ""2014-06"": 0.02693460932461189, ""2014-07"": 0.0, ""2014-08"": 0.032793230567015996}",,
KEEP_CANDIDATE,purchase_day30_31_x1.08,day_range,purchase,1.08,{},5.832906949110678,0.006818002769072962,0.1455995634264879,6.256477317182365,0.12135130966875543,0.12903225806451613,-0.031806906023222226,0.1951219512195122,7,20140930,"{""2014-05"": -0.031806906023222226, ""2014-06"": 0.02693460932461189, ""2014-07"": 0.0, ""2014-08"": 0.032793230567015996}",,
KEEP_CANDIDATE,redeem_day14_x0.97,single_day,redeem,0.97,{},5.832813043962006,0.006724097620400826,0.14442399486763832,6.245505673863764,0.12241504782421979,0.12903225806451613,-0.014543253695435077,0.1951219512195122,4,20140914,"{""2014-05"": -0.014543253695435077, ""2014-06"": 0.0, ""2014-07"": 0.01940115055377234, ""2014-08"": 0.02182158724841532}",,
KEEP_CANDIDATE,purchase_day4_7_x0.96,day_range,purchase,0.96,{},5.832799694438195,0.006710748096589114,0.14452260882179527,6.221554836602996,0.12351494447068602,0.12903225806451613,-0.012425762373991844,0.1951219512195122,16,"20140904,20140905,20140906,20140907","{""2014-05"": -0.012425762373991844, ""2014-06"": -0.005920110680354362, ""2014-07"": 0.04691066839573477, ""2014-08"": -0.00212925001235309}",,
KEEP_CANDIDATE,redeem_weekday5_x0.97,weekday,redeem,0.97,{},5.832787474487755,0.00669852814614913,0.1448016379232021,6.2547774265211,0.12213689524449976,0.12903225806451613,-0.026995778178517504,0.1951219512195122,18,"20140906,20140913,20140920,20140927","{""2014-05"": -0.026995778178517504, ""2014-06"": -0.017901485178208887, ""2014-07"": 0.039804487218660256, ""2014-08"": 0.031093339905750916}",,
KEEP_CANDIDATE,purchase_day28_x0.94,single_day,purchase,0.94,{},5.832726161209572,0.006637214867966534,0.14449142526783865,6.195669427033248,0.12391013522913531,0.12903225806451613,-0.0280146595821007,0.1951219512195122,4,20140928,"{""2014-05"": 0.024357622084234976, ""2014-06"": 0.03099151970645675, ""2014-07"": 0.0, ""2014-08"": -0.0280146595821007}",,
KEEP_CANDIDATE,redeem_day12_13_x1.03,day_range,redeem,1.03,{},5.8327010724312185,0.006612126089613035,0.14427107935971598,6.255732100481539,0.12210825502568659,0.12903225806451613,-0.018146563275356797,0.1951219512195122,8,"20140912,20140913","{""2014-05"": -0.018146563275356797, ""2014-06"": 0.017462208451688888, ""2014-07"": -0.00456515202723029, ""2014-08"": 0.032048013866189606}",,
KEEP_CANDIDATE,purchase_day30_x1.10,single_day,purchase,1.1,{},5.832691141425247,0.006602195083641682,0.14508223012109733,6.264675626035561,0.12183994925906595,0.12903225806451613,-0.031806906023222226,0.1951219512195122,4,20140930,"{""2014-05"": -0.031806906023222226, ""2014-06"": 0.017578211999378368, ""2014-07"": 0.0, ""2014-08"": 0.04099153942021161}",,
KEEP_CANDIDATE,purchase_day30_31_x1.10,day_range,purchase,1.1,{},5.832691141425247,0.006602195083641682,0.14598158046263915,6.264675626035561,0.12092171317599083,0.12903225806451613,-0.031806906023222226,0.1951219512195122,7,20140930,"{""2014-05"": -0.031806906023222226, ""2014-06"": 0.017578211999378368, ""2014-07"": 0.0, ""2014-08"": 0.04099153942021161}",,
KEEP_CANDIDATE,purchase_day3_4_x0.98,day_range,purchase,0.98,{},5.832660820929741,0.006571874588135351,0.14442898560311596,6.206251783872443,0.12359266452395941,0.12903225806451613,-0.017432302742905748,0.1951219512195122,8,"20140903,20140904","{""2014-05"": 0.0, ""2014-06"": 0.022449906531377906, ""2014-07"": 0.021782089142884153, ""2014-08"": -0.017432302742905748}",,
KEEP_CANDIDATE,purchase_day16_17_x1.02,day_range,purchase,1.02,{},5.832658994168659,0.0065700478270533935,0.14445070595531612,6.242032263565262,0.12251925013317487,0.12903225806451613,-0.00967943041043462,0.1951219512195122,8,"20140916,20140917","{""2014-05"": -0.00967943041043462, ""2014-06"": 0.01930671528957628, ""2014-07"": -0.0012844102801139456, ""2014-08"": 0.018348176949912975}",,
KEEP_CANDIDATE,purchase_weekday0_x1.08,weekday,purchase,1.08,{},5.832559272554328,0.00647032621272281,0.14459105152602372,6.285658125037874,0.12121047428899658,0.12903225806451613,-0.04955911436631055,0.1951219512195122,17,"20140901,20140908,20140915,20140922,20140929","{""2014-05"": 0.02745546084707673, ""2014-06"": -0.014671060261236768, ""2014-07"": -0.04955911436631055, ""2014-08"": 0.06197403842252491}",,
KEEP_CANDIDATE,purchase_weekday0_x1.03,weekday,purchase,1.03,{},5.832544594954656,0.006455648613050258,0.14436233483155658,6.246924349887829,0.1223724875434979,0.12903225806451613,-0.028827515331045106,0.1951219512195122,17,"20140901,20140908,20140915,20140922,20140929","{""2014-05"": 0.010295797208087265, ""2014-06"": 0.021602662659000238, ""2014-07"": -0.028827515331045106, ""2014-08"": 0.023240263272479744}",,
KEEP_CANDIDATE,purchase_day26_27_x1.04,day_range,purchase,1.04,{},5.832496240710497,0.006407294368891314,0.14435020473792576,6.253521553893621,0.12217457142332411,0.12903225806451613,-0.04209542930865151,0.1951219512195122,8,"20140926,20140927","{""2014-05"": 0.004339016283742225, ""2014-06"": 0.03445281751731333, ""2014-07"": -0.04209542930865151, ""2014-08"": 0.029837467278271745}",,
KEEP_CANDIDATE,purchase_day30_x1.12,single_day,purchase,1.12,{},5.8324753327641075,0.0063863864225019995,0.14528437711942055,6.272873932465873,0.12159400006615657,0.12903225806451613,-0.031806906023222226,0.1951219512195122,4,20140930,"{""2014-05"": -0.031806906023222226, ""2014-06"": 0.008221813177381243, ""2014-07"": 0.0, ""2014-08"": 0.049189845850523994}",,
KEEP_CANDIDATE,redeem_day14_15_x0.96,day_range,redeem,0.96,{},5.83242956576766,0.006340619426054239,0.14420010914165338,6.239595653979341,0.12259234842075246,0.12903225806451613,-0.04299775115227167,0.1951219512195122,8,"20140914,20140915","{""2014-05"": -0.04299775115227167, ""2014-06"": 0.0, ""2014-07"": 0.052244125381977646, ""2014-08"": 0.01591156736399224}",,
KEEP_CANDIDATE,purchase_day26_x1.04,single_day,purchase,1.04,{},5.832417350486489,0.00632840414488367,0.144352571444646,6.237581735785067,0.12265276596658072,0.12903225806451613,-0.02303697981902797,0.1951219512195122,4,20140926,"{""2014-05"": 0.016229635937494713, ""2014-06"": 0.018619808196230103, ""2014-07"": -0.02303697981902797, ""2014-08"": 0.01389764916971803}",,
KEEP_CANDIDATE,redeem_day3_5_x1.02,day_range,redeem,1.02,{},5.832410831625035,0.006321885283429474,0.14437502054392126,6.215514836406476,0.12422982688824534,0.16129032258064516,-0.009511834079376058,0.2032520325203252,12,"20140903,20140904,20140905","{""2014-05"": -0.009511834079376058, ""2014-06"": 0.02126618572123995, ""2014-07"": 0.022184513908393377, ""2014-08"": -0.008169250208872825}",,
KEEP_CANDIDATE,purchase_day1_x1.08,single_day,purchase,1.08,{},5.832400633876118,0.006311687534512167,0.1441761476242468,6.223684086615349,0.12236770143517647,0.12903225806451613,-0.04062887427923467,0.1951219512195122,4,20140901,"{""2014-05"": 0.03562294733937055, ""2014-06"": -0.04062887427923467, ""2014-07"": 0.02873846540650149, ""2014-08"": 0.0}",,
KEEP_CANDIDATE,purchase_day3_x0.94,single_day,purchase,0.94,{},5.832271144284467,0.006182197942861123,0.1444800279635407,6.195658408196104,0.12391046579424961,0.12903225806451613,-0.02802567841924475,0.1951219512195122,4,20140903,"{""2014-05"": 0.0, ""2014-06"": 0.021922814205406205, ""2014-07"": 0.03133941780020422, ""2014-08"": -0.02802567841924475}",,
KEEP_CANDIDATE,redeem_day19_x0.94,single_day,redeem,0.94,{},5.832220712871914,0.006131766530308447,0.14435847057308324,6.262147465556082,0.1219157940734503,0.12903225806451613,-0.027822384428793256,0.1951219512195122,4,20140919,"{""2014-05"": -0.02536783892349792, ""2014-06"": -0.027822384428793256, ""2014-07"": 0.03815861534056442, ""2014-08"": 0.03846337894073315}",,
KEEP_CANDIDATE,redeem_day25_28_x0.96,day_range,redeem,0.96,{},5.832174778129542,0.006085831787936868,0.14502023149787605,6.206222015161075,0.12403002769124115,0.12903225806451613,-0.022635633051732995,0.2032520325203252,16,"20140925,20140926,20140927,20140928","{""2014-05"": -0.022635633051732995, ""2014-06"": 0.0, ""2014-07"": 0.06424471450330049, ""2014-08"": -0.017462071454273698}",,
KEEP_CANDIDATE,purchase_day30_x1.15,single_day,purchase,1.15,{},5.832151621235962,0.006062674894356412,0.14558759755812883,6.285171395745666,0.12122507616776279,0.12903225806451613,-0.031806906023222226,0.1951219512195122,4,20140930,"{""2014-05"": -0.031806906023222226, ""2014-06"": -0.0058127828104685975, ""2014-07"": 0.0, ""2014-08"": 0.061487309130316525}",,
KEEP_CANDIDATE,purchase_day7_13_x0.98,day_range,purchase,0.98,{},5.832149971363475,0.006061025021869781,0.14445478259328506,6.217608309822556,0.12344662295449824,0.12903225806451613,-0.01682760823086671,0.1951219512195122,28,"20140907,20140908,20140909,20140910,20140911,20140912,20140913","{""2014-05"": -0.001719777291302016, ""2014-06"": -0.01682760823086671, ""2014-07"": 0.048128919394287095, ""2014-08"": -0.006075776792792809}",,
KEEP_CANDIDATE,redeem_day25_x0.97,single_day,redeem,0.97,{},5.832145918739935,0.006056972398329918,0.14442566083558048,6.243412054268654,0.12247785641207316,0.12903225806451613,-0.014382609541571334,0.1951219512195122,4,20140925,"{""2014-05"": -0.014382609541571334, ""2014-06"": 0.0, ""2014-07"": 0.018687145275189998, ""2014-08"": 0.019727967653304646}",,
KEEP_CANDIDATE,purchase_day15_x0.90,single_day,purchase,0.9,{},5.832079612444027,0.005990666102421827,0.14436270358591988,6.17750061128332,0.12445519970163313,0.12903225806451613,-0.046183475332028934,0.1951219512195122,4,20140915,"{""2014-05"": 0.05650833286514523, ""2014-06"": 0.0577931311299702, ""2014-07"": -0.04248427699444779, ""2014-08"": -0.046183475332028934}",,
KEEP_CANDIDATE,redeem_day12_13_x1.02,day_range,redeem,1.02,{},5.832005853385243,0.005916907043637565,0.1443162627438114,6.245049428544293,0.12242873518380393,0.12903225806451613,-0.006111087975297913,0.1951219512195122,8,"20140912,20140913","{""2014-05"": -0.006111087975297913, ""2014-06"": 0.011641472301126221, ""2014-07"": -0.0030434346848196014, ""2014-08"": 0.021365341928944126}",,
KEEP_CANDIDATE,purchase_day7_x0.98,single_day,purchase,0.98,{},5.83196518178763,0.005876235446024225,0.14436613650561178,6.234556494790185,0.1227435231964272,0.12903225806451613,-0.007961753218672207,0.1951219512195122,4,20140907,"{""2014-05"": -0.007961753218672207, ""2014-06"": 0.010242228789955732, ""2014-07"": 0.010492896532944052, ""2014-08"": 0.010872408174836146}",,
KEEP_CANDIDATE,redeem_weekday5_x0.98,weekday,redeem,0.98,{},5.83190595869372,0.0058170123521144035,0.14467469332335636,6.247406768686367,0.12235801497954173,0.12903225806451613,-0.015629256490453436,0.1951219512195122,18,"20140906,20140913,20140920,20140927","{""2014-05"": -0.015629256490453436, ""2014-06"": -0.01193432345213985, ""2014-07"": 0.026536323544415374, ""2014-08"": 0.023722682071017687}",,
KEEP_CANDIDATE,purchase_day3_x0.96,single_day,purchase,0.96,{},5.831872068778098,0.00578312243649215,0.14445097679104238,6.20534620242228,0.12361983196746432,0.12903225806451613,-0.01833788419306881,0.1951219512195122,4,20140903,"{""2014-05"": 0.0, ""2014-06"": 0.021070572841794366, ""2014-07"": 0.020892944658702284, ""2014-08"": -0.01833788419306881}",,
KEEP_CANDIDATE,purchase_day30_x1.18,single_day,purchase,1.18,{},5.831827908732107,0.005738962390501534,0.14589081802482903,6.297468856602576,0.12085615234205546,0.12903225806451613,-0.031806906023222226,0.1951219512195122,4,20140930,"{""2014-05"": -0.031806906023222226, ""2014-06"": -0.01984738029508204, ""2014-07"": 0.0, ""2014-08"": 0.07378476998722672}",,
KEEP_CANDIDATE,purchase_day15_16_x1.02,day_range,purchase,1.02,{},5.831765639087632,0.005676692746026113,0.14447750660774691,6.242016927268497,0.12251971022207785,0.12903225806451613,-0.011301665955387286,0.1951219512195122,8,"20140915,20140916","{""2014-05"": -0.011301665955387286, ""2014-06"": -0.0019167015394030429, ""2014-07"": 0.017347349622994557, ""2014-08"": 0.018332840653147997}",,
KEEP_CANDIDATE,purchase_day31_x1.18,single_day,purchase,1.18,{},5.831750398607651,0.005661452266045863,0.1461612541688278,6.246147268187083,0.1214168705026908,0.12903225806451613,0.0,0.1951219512195122,3,,"{""2014-05"": 0.0, ""2014-06"": 0.0, ""2014-07"": 0.0, ""2014-08"": 0.02246318157173377}",,
KEEP_CANDIDATE,purchase_day28_x0.96,single_day,purchase,0.96,{},5.831722138032024,0.0056331916904186485,0.1444721732482033,6.205007646893949,0.12362998863331433,0.12903225806451613,-0.018676439721399873,0.1951219512195122,4,20140928,"{""2014-05"": 0.020455660547226806, ""2014-06"": 0.02125755774403082, ""2014-07"": 0.0, ""2014-08"": -0.018676439721399873}",,
KEEP_CANDIDATE,redeem_day2_4_x1.03,day_range,redeem,1.03,{},5.8316373106551636,0.005548364313558096,0.14441701441499366,6.1914867155643085,0.12476140375692023,0.12903225806451613,-0.03219737105104059,0.1951219512195122,12,"20140902,20140903,20140904","{""2014-05"": -0.019395440885613624, ""2014-06"": 0.025627110664970587, ""2014-07"": 0.04880686002112178, ""2014-08"": -0.03219737105104059}",,
KEEP_CANDIDATE,redeem_day19_x0.95,single_day,redeem,0.95,{},5.831636822496839,0.005547876155233666,0.1443759872843355,6.255736902785934,0.12210811095655474,0.12903225806451613,-0.023185320714756763,0.1951219512195122,4,20140919,"{""2014-05"": -0.019401716172454897, ""2014-06"": -0.023185320714756763, ""2014-07"": 0.03179884801917421, ""2014-08"": 0.03205281617058464}",,
KEEP_CANDIDATE,redeem_day3_x1.02,single_day,redeem,1.02,{},5.831571566153137,0.005482619811531642,0.1444615959314267,6.223684086615349,0.12355355365719188,0.12903225806451613,0.0,0.1951219512195122,4,20140903,"{""2014-05"": 0.0, ""2014-06"": 0.011401532467537834, ""2014-07"": 0.010719879444911484, ""2014-08"": 0.0}",,
KEEP_CANDIDATE,purchase_day15_17_x1.02,day_range,purchase,1.02,{},5.83146086105123,0.0053719147096247255,0.144486649948839,6.251268957840226,0.12224214930492598,0.12903225806451613,-0.020981096365821905,0.1951219512195122,12,"20140915,20140916,20140917","{""2014-05"": -0.020981096365821905, ""2014-06"": 0.007748089665700952, ""2014-07"": 0.007212445118775612, ""2014-08"": 0.027584871224877183}",,
KEEP_CANDIDATE,purchase_day14_16_x1.02,day_range,purchase,1.02,{},5.831454754094587,0.005365807752981233,0.14448683315753832,6.251315772289243,0.12224074487145543,0.12903225806451613,-0.020982232016875102,0.1951219512195122,12,"20140914,20140915,20140916","{""2014-05"": -0.020982232016875102, ""2014-06"": 0.007511517825944836, ""2014-07"": 0.007371475982928644, ""2014-08"": 0.02763168567389407}",,
KEEP_CANDIDATE,redeem_weekday5_x0.95,weekday,redeem,0.95,{},5.831423466054552,0.00533451971294685,0.14514933829808416,6.257111458265764,0.12206687429215982,0.12903225806451613,-0.049728829664074325,0.1951219512195122,18,"20140906,20140913,20140920,20140927","{""2014-05"": -0.049728829664074325, ""2014-06"": -0.029835804450484282, ""2014-07"": 0.06634081473001796, ""2014-08"": 0.03342737165041498}",,
KEEP_CANDIDATE,redeem_day25_27_x0.98,day_range,redeem,0.98,{},5.831417569996703,0.005328623655097786,0.14462760241078915,6.225759007618025,0.12322568286456233,0.12903225806451613,-0.007319660172985465,0.1951219512195122,12,"20140925,20140926,20140927","{""2014-05"": -0.007319660172985465, ""2014-06"": 0.0, ""2014-07"": 0.02638734270505072, ""2014-08"": 0.0020749210026762555}",,
KEEP_CANDIDATE,purchase_day26_27_x1.03,day_range,purchase,1.03,{},5.831373811013371,0.00528486467176581,0.14438387762883953,6.246062186686146,0.12239835243954839,0.12903225806451613,-0.031498926277073735,0.1951219512195122,8,"20140926,20140927","{""2014-05"": 0.005083726886889295, ""2014-06"": 0.02583961445093763, ""2014-07"": -0.031498926277073735, ""2014-08"": 0.02237810007079677}",,
KEEP_CANDIDATE,purchase_day6_7_x0.98,day_range,purchase,0.98,{},5.831357488311451,0.005268541969845941,0.1443843673098971,6.238057394975327,0.12263849619087296,0.12903225806451613,0.0018579263483413655,0.1951219512195122,8,"20140906,20140907","{""2014-05"": 0.0026639194743793837, ""2014-06"": 0.002076029420914338, ""2014-07"": 0.0018579263483413655, ""2014-08"": 0.014373308359977521}",,
KEEP_CANDIDATE,purchase_day5_x1.06,single_day,purchase,1.06,{},5.831318079507355,0.005229133165749467,0.1442413725327037,6.223684086615349,0.12249763814870758,0.12903225806451613,-0.030785378991262213,0.1951219512195122,4,20140905,"{""2014-05"": 0.026630400244950003, ""2014-06"": 0.025732924017430214, ""2014-07"": -0.030785378991262213, ""2014-08"": 0.0}",,
KEEP_CANDIDATE,redeem_day1_4_x1.02,day_range,redeem,1.02,{},5.831305539175687,0.005216592834081268,0.1444132869984936,6.214928741875054,0.12381621399940072,0.12903225806451613,-0.01913059834967612,0.1951219512195122,16,"20140901,20140902,20140903,20140904","{""2014-05"": -0.01913059834967612, ""2014-06"": 0.007048735611827617, ""2014-07"": 0.04176268019439533, ""2014-08"": -0.008755344740294824}",,
KEEP_CANDIDATE,purchase_day4_10_x0.98,day_range,purchase,0.98,{},5.8312443943499375,0.005155448008332009,0.14457270375154138,6.230115468602526,0.12326209395542068,0.12903225806451613,-0.03157163552047226,0.1951219512195122,28,"20140904,20140905,20140906,20140907,20140908,20140909,20140910","{""2014-05"": -0.03157163552047226, ""2014-06"": -0.012080815039860582, ""2014-07"": 0.057286852121061216, ""2014-08"": 0.006431381987177076}",,
KEEP_CANDIDATE,purchase_day7_9_x0.98,day_range,purchase,0.98,{},5.831222017624097,0.005133071282491741,0.14443356201456958,6.23539678397706,0.12271831452082096,0.12903225806451613,-0.026328005747362937,0.1951219512195122,12,"20140907,20140908,20140909","{""2014-05"": -0.026328005747362937, ""2014-06"": 0.00170516162744061, ""2014-07"": 0.03333185415737283, ""2014-08"": 0.011712697361710767}",,
KEEP_CANDIDATE,purchase_day16_17_x1.06,day_range,purchase,1.06,{},5.831185018367224,0.005096072025618348,0.14470569287162968,6.265755214581108,0.12180756160269952,0.12903225806451613,-0.029038294061224157,0.1951219512195122,8,"20140916,20140917","{""2014-05"": -0.029038294061224157, ""2014-06"": 0.011408307448237842, ""2014-07"": -0.0038532327527933674, ""2014-08"": 0.04207112796575885}",,
KEEP_CANDIDATE,redeem_day1_4_x1.03,day_range,redeem,1.03,{},5.8311833463964,0.005094400054794335,0.14443063334275652,6.208252960926662,0.12425841639604963,0.12903225806451613,-0.03148186091233729,0.1951219512195122,16,"20140901,20140902,20140903,20140904","{""2014-05"": -0.03148186091233729, ""2014-06"": 0.004631641983772639, ""2014-07"": 0.06264401715672285, ""2014-08"": -0.01543112568868743}",,
KEEP_CANDIDATE,purchase_day14_17_x1.02,day_range,purchase,1.02,{},5.8311499760581835,0.005061029716578069,0.14449597649863039,6.260567802860972,0.12196318395430356,0.12903225806451613,-0.03066166242731061,0.1951219512195122,16,"20140914,20140915,20140916,20140917","{""2014-05"": -0.03066166242731061, ""2014-06"": 0.01717630903104883, ""2014-07"": -0.002763428521291189, ""2014-08"": 0.036883716245623255}",,
KEEP_CANDIDATE,redeem_day2_4_x1.02,day_range,redeem,1.02,{},5.8311400798056425,0.005051133464037072,0.14441825077959491,6.203751245747416,0.12415153888322991,0.12903225806451613,-0.019932840867933344,0.1951219512195122,12,"20140902,20140903,20140904","{""2014-05"": -0.012930297176162675, ""2014-06"": 0.021045717451770862, ""2014-07"": 0.03253790877066187, ""2014-08"": -0.019932840867933344}",,
KEEP_CANDIDATE,purchase_day30_x1.06,single_day,purchase,1.06,{},5.8311174371195875,0.005028490777982064,0.14473809580558714,6.248279010752052,0.12233184771757118,0.12903225806451613,-0.031806906023222226,0.1951219512195122,4,20140930,"{""2014-05"": -0.031806906023222226, ""2014-06"": 0.02806919347246417, ""2014-07"": 0.0, ""2014-08"": 0.024594924136702723}",,
KEEP_CANDIDATE,purchase_day30_31_x1.06,day_range,purchase,1.06,{},5.8311174371195875,0.005028490777982064,0.14527770602463194,6.248279010752052,0.12178090608883356,0.12903225806451613,-0.031806906023222226,0.1951219512195122,7,20140930,"{""2014-05"": -0.031806906023222226, ""2014-06"": 0.02806919347246417, ""2014-07"": 0.0, ""2014-08"": 0.024594924136702723}",,
KEEP_CANDIDATE,purchase_weekday0_x1.02,weekday,purchase,1.02,{},5.831075581353442,0.004986635011836604,0.14439242390293086,6.239177593949047,0.12260489022166134,0.12903225806451613,-0.02046877017300819,0.1951219512195122,17,"20140901,20140908,20140915,20140922,20140929","{""2014-05"": 0.00686386521176896, ""2014-06"": 0.018493647763656362, ""2014-07"": -0.02046877017300819, ""2014-08"": 0.01549350733369792}",,
KEEP_CANDIDATE,redeem_day19_x0.96,single_day,redeem,0.96,{},5.831052931670351,0.004963985328745757,0.14439350400913015,6.249326340015786,0.12230042783965918,0.12903225806451613,-0.018548257000722046,0.1951219512195122,4,20140919,"{""2014-05"": -0.013435591408424763, ""2014-06"": -0.018548257000722046, ""2014-07"": 0.02543907689370961, ""2014-08"": 0.02564225340043702}",,
KEEP_CANDIDATE,purchase_day2_8_x0.98,day_range,purchase,0.98,{},5.830933848551947,0.004844902210341395,0.1445739843722737,6.202590589802145,0.12389318611038996,0.12903225806451613,-0.021093496813204382,0.1951219512195122,28,"20140902,20140903,20140904,20140905,20140906,20140907,20140908","{""2014-05"": -0.004170661196058134, ""2014-06"": 0.006071051053686105, ""2014-07"": 0.038612268985437126, ""2014-08"": -0.021093496813204382}",,
KEEP_CANDIDATE,purchase_day10_x1.06,single_day,purchase,1.06,{},5.830923615960016,0.004834669618410281,0.14428936727455918,6.22886349132899,0.12248573287047713,0.12903225806451613,-0.03297767288359932,0.1951219512195122,4,20140910,"{""2014-05"": 0.020977505468984248, ""2014-06"": 0.026870266893155303, ""2014-07"": -0.03297767288359932, ""2014-08"": 0.005179404713641311}",,
KEEP_CANDIDATE,purchase_day3_5_x0.98,day_range,purchase,0.98,{},5.830917776674185,0.004828830332579415,0.14452933594455475,6.206251783872443,0.12378335028828098,0.12903225806451613,-0.017432302742905748,0.1951219512195122,12,"20140903,20140904,20140905","{""2014-05"": -0.008876800081648817, ""2014-06"": 0.013872264753686636, ""2014-07"": 0.03204388309218942, ""2014-08"": -0.017432302742905748}",,
KEEP_CANDIDATE,purchase_day3_6_x0.96,day_range,purchase,0.96,{},5.830914767216273,0.004825820874667208,0.14466120353359752,6.181472136060255,0.12471742548696825,0.12903225806451613,-0.04221195055509419,0.1951219512195122,16,"20140903,20140904,20140905,20140906","{""2014-05"": 0.0034977452228064365, ""2014-06"": 0.01141212860433427, ""2014-07"": 0.046817821766292234, ""2014-08"": -0.04221195055509419}",,
KEEP_CANDIDATE,redeem_day10_x1.02,single_day,redeem,1.02,{},5.830904249896177,0.004815303554571493,0.14439796446235537,6.234912432995783,0.12273284505025928,0.12903225806451613,-0.011898995581811178,0.1951219512195122,4,20140910,"{""2014-05"": -0.011898995581811178, ""2014-06"": 0.010222913131390676, ""2014-07"": 0.009883389306876822, ""2014-08"": 0.011228346380433685}",,
KEEP_CANDIDATE,purchase_day15_x0.92,single_day,purchase,0.92,{},5.830881479436107,0.004792533094501117,0.14439864757615747,6.186737307536888,0.12417809881402606,0.12903225806451613,-0.03694677907846078,0.1951219512195122,4,20140915,"{""2014-05"": 0.04520666536565443, ""2014-06"": 0.04623450550609576, ""2014-07"": -0.03398742159555823, ""2014-08"": -0.03694677907846078}",,
KEEP_CANDIDATE,purchase_day26_x1.03,single_day,purchase,1.03,{},5.830835249517378,0.004746303175772404,0.14440003447371932,6.234107322704435,0.12275699835899975,0.12903225806451613,-0.017277733921185146,0.1951219512195122,4,20140926,"{""2014-05"": 0.012172226251636609, ""2014-06"": 0.013964856987147556, ""2014-07"": -0.017277733921185146, ""2014-08"": 0.010423236089085464}",,
KEEP_CANDIDATE,purchase_day7_8_x0.96,day_range,purchase,0.96,{},5.830827567266553,0.00473862092494759,0.1444905260972403,6.226677109492889,0.12297990475534609,0.12903225806451613,-0.0334289994560617,0.1951219512195122,8,"20140907,20140908","{""2014-05"": -0.0334289994560617, ""2014-06"": 0.003738333557106621, ""2014-07"": 0.04561985938675761, ""2014-08"": 0.002993022877539886}",,
KEEP_CANDIDATE,purchase_day1_x1.06,single_day,purchase,1.06,{},5.8308227114229405,0.004733765081335051,0.14426771662995946,6.223684086615349,0.12254319994648083,0.12903225806451613,-0.03047165707190036,0.1951219512195122,4,20140901,"{""2014-05"": 0.026717209877898718, ""2014-06"": -0.03047165707190036, ""2014-07"": 0.021553848740206938, ""2014-08"": 0.0}",,
KEEP_CANDIDATE,redeem_day25_x0.90,single_day,redeem,0.9,{},5.830761986217195,0.004673039875589424,0.14461872049846097,6.289443975638036,0.12109689877099167,0.12903225806451613,-0.047942036072089245,0.1951219512195122,4,20140925,"{""2014-05"": -0.047942036072089245, ""2014-06"": 0.0, ""2014-07"": 0.000723563329965593, ""2014-08"": 0.06575988902268648}",,
KEEP_CANDIDATE,redeem_day4_x1.03,single_day,redeem,1.03,{},5.830736386389949,0.004647440048343832,0.14431856575415727,6.210607322952375,0.1234619983515615,0.12903225806451613,-0.0130767636629745,0.1951219512195122,4,20140904,"{""2014-05"": 0.0, ""2014-06"": 0.014796978875366129, ""2014-07"": 0.01719694945926964, ""2014-08"": -0.0130767636629745}",,
KEEP_CANDIDATE,purchase_day4_7_x0.94,day_range,purchase,0.94,{},5.830733902416362,0.004644956074756124,0.1446753364303005,6.213834495253771,0.12393724047548431,0.12903225806451613,-0.020991560506558926,0.1951219512195122,16,"20140904,20140905,20140906,20140907","{""2014-05"": -0.018638642981262166, ""2014-06"": -0.020991560506558926, ""2014-07"": 0.0672326347425738, ""2014-08"": -0.00984959136157837}",,
KEEP_CANDIDATE,purchase_day1_2_x1.06,day_range,purchase,1.06,{},5.830725530891203,0.0046365845495977,0.14427063204591162,6.249659901139063,0.12176392551076938,0.12903225806451613,-0.047827771210164904,0.1951219512195122,8,"20140901,20140902","{""2014-05"": -0.0056676804364572675, ""2014-06"": -0.047827771210164904, ""2014-07"": 0.044373576748402144, ""2014-08"": 0.025975814523714114}",,
KEEP_CANDIDATE,redeem_day3_5_x1.08,day_range,redeem,1.08,{},5.830722195380571,0.004633249038965559,0.14451474839811057,6.180168852687555,0.12812388151160314,0.16129032258064516,-0.044926908862819026,0.2032520325203252,12,"20140903,20140904,20140905","{""2014-05"": -0.044926908862819026, ""2014-06"": 0.07592144075530172, ""2014-07"": 0.033353317278793426, ""2014-08"": -0.04351523392779377}",,
KEEP_CANDIDATE,purchase_day4_5_x0.94,day_range,purchase,0.94,{},5.830718736517657,0.004629790176051252,0.14467579140726164,6.197337438472894,0.12443215217891061,0.12903225806451613,-0.026630400244948227,0.1951219512195122,8,"20140904,20140905","{""2014-05"": -0.026630400244948227, ""2014-06"": 0.01001093449225987, ""2014-07"": 0.06165885989987352, ""2014-08"": -0.026346648142455464}",,
KEEP_CANDIDATE,redeem_day11_12_x0.96,day_range,redeem,0.96,{},5.830698347819603,0.004609401477997821,0.14440414152465256,6.183523970504624,0.12427449892499402,0.12903225806451613,-0.04764954354341722,0.1951219512195122,8,"20140911,20140912","{""2014-05"": 0.05166382306459916, ""2014-06"": -0.04764954354341722, ""2014-07"": 0.05289767008148605, ""2014-08"": -0.040160116110724786}",,
KEEP_CANDIDATE,purchase_day6_9_x0.98,day_range,purchase,0.98,{},5.83061432414792,0.004525377806314346,0.1444517928188549,6.238897684162201,0.12261328751526672,0.12903225806451613,-0.015702333054312234,0.1951219512195122,16,"20140906,20140907,20140908,20140909","{""2014-05"": -0.015702333054312234, ""2014-06"": -0.006461037741600784, ""2014-07"": 0.024696883972770145, ""2014-08"": 0.015213597546852142}",,
KEEP_CANDIDATE,redeem_day14_15_x0.98,day_range,redeem,0.98,{},5.830605833726665,0.004516887385059398,0.14433086900599112,6.236982744340232,0.12267073570992575,0.12903225806451613,-0.021498875881875712,0.1951219512195122,8,"20140914,20140915","{""2014-05"": -0.021498875881875712, ""2014-06"": 0.0, ""2014-07"": 0.02612206165254971, ""2014-08"": 0.013298657724883256}",,
KEEP_CANDIDATE,redeem_day25_26_x0.94,day_range,redeem,0.94,{},5.83060233090595,0.004513384564344136,0.1448244803472977,6.22990884962338,0.12288295255143136,0.12903225806451613,-0.013956575581246966,0.1951219512195122,8,"20140925,20140926","{""2014-05"": -0.013956575581246966, ""2014-06"": 0.0, ""2014-07"": 0.02563975778012839, ""2014-08"": 0.006224763008030543}",,
KEEP_CANDIDATE,redeem_day14_x0.98,single_day,redeem,0.98,{},5.830571677427844,0.004482731086238978,0.14446347112124389,6.238231809587352,0.12263326375251217,0.12903225806451613,-0.009695501840230492,0.1951219512195122,4,20140914,"{""2014-05"": -0.009695501840230492, ""2014-06"": 0.0, ""2014-07"": 0.012934098984596076, ""2014-08"": 0.014547722972002575}",,
KEEP_CANDIDATE,redeem_day10_13_x1.02,day_range,redeem,1.02,{},5.830526283473116,0.00443733713151051,0.14436064984117525,6.265366319055376,0.12181922846847144,0.12903225806451613,-0.03141940319476344,0.1951219512195122,16,"20140910,20140911,20140912,20140913","{""2014-05"": -0.03141940319476344, ""2014-06"": 0.013573325123792834, ""2014-07"": -0.005792096552943882, ""2014-08"": 0.041682232440027}",,
KEEP_CANDIDATE,redeem_day6_8_x1.02,day_range,redeem,1.02,{},5.830505642835599,0.004416696493993122,0.14440992267417274,6.2316916222175935,0.12282946937360494,0.12903225806451613,-0.01559224614317678,0.1951219512195122,12,"20140906,20140907,20140908","{""2014-05"": -0.01559224614317678, ""2014-06"": 0.007315785322798973, ""2014-07"": 0.018029230188584044, ""2014-08"": 0.008007535602244431}",,
KEEP_CANDIDATE,purchase_day7_x0.90,single_day,purchase,0.9,{},5.830504223879371,0.004415277537765938,0.14440996524285954,6.2780461274895325,0.12143883421544678,0.12903225806451613,-0.03980876841226966,0.1951219512195122,4,20140907,"{""2014-05"": -0.03980876841226966, ""2014-06"": -0.026988350150380036, ""2014-07"": 0.02908316759152285, ""2014-08"": 0.05436204087418339}",,
KEEP_CANDIDATE,purchase_day7_8_x0.98,day_range,purchase,0.98,{},5.830500467848035,0.004411521506429317,0.14445520850785143,6.225180598054118,0.12302480009850919,0.12903225806451613,-0.016714498532440558,0.1951219512195122,8,"20140907,20140908","{""2014-05"": -0.016714498532440558, ""2014-06"": 0.010242228789955732, ""2014-07"": 0.022809931661162963, ""2014-08"": 0.0014965114387690548}",,
KEEP_CANDIDATE,redeem_day19_x0.97,single_day,redeem,0.97,{},5.8304690407106,0.004380094368994669,0.14441102073792267,6.242915774925793,0.12249274479235898,0.12903225806451613,-0.013911193286685553,0.1951219512195122,4,20140919,"{""2014-05"": -0.007469468657379963, ""2014-06"": -0.013911193286685553, ""2014-07"": 0.01907930957232029, ""2014-08"": 0.01923168831044375}",,
KEEP_CANDIDATE,redeem_day14_16_x0.98,day_range,redeem,0.98,{},5.830446947735412,0.00435800139380671,0.1442517709309394,6.249302622642057,0.12230113936087104,0.12903225806451613,-0.032889531625805546,0.2032520325203252,12,"20140914,20140915,20140916","{""2014-05"": -0.032889531625805546, ""2014-06"": -0.0016116292072902993, ""2014-07"": 0.02612206165254971, ""2014-08"": 0.02561853602670805}",,
KEEP_CANDIDATE,redeem_day25_26_x0.98,day_range,redeem,0.98,{},5.830446852887054,0.004357906545448209,0.14455083915065714,6.225759007618025,0.123007447811592,0.12903225806451613,0.0,0.1951219512195122,8,"20140925,20140926","{""2014-05"": 0.002758029198672851, ""2014-06"": 0.0, ""2014-07"": 0.012458098349948266, ""2014-08"": 0.0020749210026762555}",,
KEEP_CANDIDATE,purchase_day5_6_x1.10,day_range,purchase,1.1,{},5.830439596852064,0.004350650510458465,0.144253879067657,6.185512299166908,0.12358784670123264,0.12903225806451613,-0.03817178744844085,0.1951219512195122,8,"20140905,20140906","{""2014-05"": -0.017450429815007773, ""2014-06"": 0.08371920642006803, ""2014-07"": -0.00813411111770268, ""2014-08"": -0.03817178744844085}",,
KEEP_CANDIDATE,purchase_day3_6_x0.98,day_range,purchase,0.98,{},5.8303100831980075,0.004221136856402019,0.1445475667488401,6.209752684057585,0.12367832328272677,0.12903225806451613,-0.013931402557764372,0.1951219512195122,16,"20140903,20140904,20140905,20140906","{""2014-05"": 0.0017488726114027742, ""2014-06"": 0.005706065384647019, ""2014-07"": 0.02340891290758762, ""2014-08"": -0.013931402557764372}",,
KEEP_CANDIDATE,purchase_day21_x1.04,single_day,purchase,1.04,{},5.830287660701708,0.004198714360102329,0.14435563920041947,6.236386315839552,0.12268862856494617,0.12903225806451613,-0.019536537659598174,0.1951219512195122,4,20140921,"{""2014-05"": -0.019536537659598174, ""2014-06"": 0.018921814058183273, ""2014-07"": 0.005182290517560695, ""2014-08"": 0.012702229224203165}",,
KEEP_CANDIDATE,purchase_day5_6_x1.08,day_range,purchase,1.08,{},5.830271336555257,0.004182390213651743,0.14425892687656114,6.188966640987243,0.12348421644662261,0.12903225806451613,-0.034717445628106525,0.1951219512195122,8,"20140905,20140906","{""2014-05"": -0.006995490445611097, ""2014-06"": 0.06697536658897985, ""2014-07"": -0.006507289777578862, ""2014-08"": -0.034717445628106525}",,
